Song,Quadrant
A002,Q4
A020,Q2
A022,Q1
A024,Q1
A043,Q1
A047,Q1
A058,Q4
A068-167,Q2
A082-93,Q2
A091-95,Q2
A096-68,Q3
A101-111,Q1
A105-117,Q1
A109-138,Q4
A111-141,Q4
A116-135,Q2
A119-151,Q4
A120-168,Q4
A126-77,Q3
A128-109,Q1
A131-101,Q2
A132-121,Q1
A140-166,Q2
A141-139,Q4
A147-169,Q2
A148-102,Q1
A159-164,Q2
A160-149,Q1
A162,Q1
A165,Q4
A166,Q1
A170,Q3
A174,Q2
A179,Q4
A186,Q4
A187,Q1
A188,Q3
A190,Q4
MT0000010219,Q3
MT0000010844,Q4
MT0000011357,Q2
MT0000026571,Q4
MT0000038502,Q2
MT0000040632,Q1
MT0000048600,Q4
MT0000054705,Q4
MT0000060906,Q3
MT0000062500,Q3
MT0000080053,Q1
MT0000086233,Q3
MT0000089410,Q4
MT0000092267,Q4
MT0000093583,Q1
MT0000097948,Q4
MT0000113311,Q1
MT0000117176,Q4
MT0000123853,Q3
MT0000145509,Q2
MT0000147182,Q4
MT0000153970,Q2
MT0000162219,Q3
MT0000169174,Q2
MT0000169836,Q2
MT0000171421,Q3
MT0000186467,Q2
MT0000203193,Q4
MT0000204016,Q1
MT0000222773,Q4
MT0000231442,Q2
MT0000235880,Q4
MT0000249842,Q1
MT0000258223,Q4
MT0000270200,Q2
MT0000271970,Q2
MT0000283043,Q2
MT0000287921,Q2
MT0000289116,Q3
MT0000300896,Q3
MT0000302038,Q1
MT0000318279,Q4
MT0000336135,Q4
MT0000357325,Q3
MT0000369188,Q1
MT0000370694,Q4
MT0000379144,Q3
MT0000380307,Q4
MT0000380971,Q3
MT0000381928,Q3
MT0000392975,Q1
MT0000400490,Q1
MT0000401186,Q1
MT0000401600,Q1
MT0000408441,Q3
MT0000414517,Q1
MT0000425270,Q2
MT0000426771,Q3
MT0000447539,Q4
MT0000463371,Q2
MT0000481304,Q4
MT0000487439,Q3
MT0000522450,Q1
MT0000522789,Q4
MT0000522938,Q2
MT0000524741,Q4
MT0000549945,Q4
MT0000576231,Q2
MT0000581530,Q1
MT0000595581,Q4
MT0000619767,Q3
MT0000620635,Q4
MT0000631491,Q4
MT0000638424,Q4
MT0000642549,Q2
MT0000666429,Q2
MT0000672880,Q1
MT0000685538,Q3
MT0000685552,Q3
MT0000694316,Q2
MT0000698081,Q4
MT0000704913,Q1
MT0000712071,Q1
MT0000720686,Q3
MT0000723464,Q4
MT0000724357,Q2
MT0000727738,Q3
MT0000735056,Q2
MT0000741489,Q2
MT0000746822,Q4
MT0000763275,Q3
MT0000772749,Q1
MT0000773391,Q1
MT0000776108,Q3
MT0000778102,Q2
MT0000780401,Q3
MT0000793161,Q4
MT0000805883,Q4
MT0000807741,Q1
MT0000808227,Q2
MT0000811092,Q4
MT0000811743,Q3
MT0000829765,Q3
MT0000834505,Q2
MT0000852582,Q2
MT0000854722,Q1
MT0000857091,Q3
MT0000863543,Q1
MT0000886723,Q3
MT0000892306,Q2
MT0000895003,Q2
MT0000897883,Q1
MT0000900387,Q2
MT0000900995,Q4
MT0000910270,Q2
MT0000913916,Q4
MT0000931402,Q3
MT0000934613,Q2
MT0000936370,Q1
MT0000941301,Q3
MT0000945118,Q4
MT0000949813,Q3
MT0000972004,Q2
MT0000980148,Q4
MT0000982297,Q1
MT0000984023,Q2
MT0001026170,Q1
MT0001030436,Q3
MT0001035786,Q3
MT0001057748,Q4
MT0001062974,Q2
MT0001069996,Q4
MT0001084055,Q4
MT0001084444,Q1
MT0001094338,Q4
MT0001095298,Q3
MT0001102610,Q3
MT0001108070,Q4
MT0001115644,Q3
MT0001116511,Q2
MT0001134958,Q3
MT0001152165,Q4
MT0001152664,Q3
MT0001156310,Q3
MT0001157069,Q3
MT0001169715,Q1
MT0001227219,Q4
MT0001230193,Q2
MT0001243566,Q1
MT0001253889,Q3
MT0001266436,Q3
MT0001276044,Q2
MT0001289749,Q1
MT0001292451,Q1
MT0001301827,Q4
MT0001302466,Q3
MT0001305231,Q4
MT0001309422,Q3
MT0001323890,Q3
MT0001328889,Q2
MT0001339839,Q3
MT0001347462,Q4
MT0001356476,Q1
MT0001370627,Q4
MT0001394087,Q4
MT0001397431,Q2
MT0001417252,Q4
MT0001418045,Q1
MT0001435061,Q3
MT0001440624,Q3
MT0001472536,Q3
MT0001473110,Q2
MT0001474073,Q3
MT0001486960,Q1
MT0001497191,Q1
MT0001510617,Q2
MT0001515028,Q4
MT0001515531,Q3
MT0001520918,Q4
MT0001526386,Q3
MT0001528638,Q4
MT0001542457,Q2
MT0001547111,Q3
MT0001548914,Q3
MT0001553573,Q2
MT0001554870,Q2
MT0001566152,Q3
MT0001578777,Q2
MT0001590644,Q2
MT0001598707,Q3
MT0001609626,Q1
MT0001610102,Q1
MT0001613887,Q2
MT0001615082,Q4
MT0001616074,Q2
MT0001641166,Q2
MT0001641430,Q3
MT0001642019,Q2
MT0001644811,Q4
MT0001658982,Q3
MT0001676671,Q4
MT0001680969,Q1
MT0001696863,Q1
MT0001699798,Q4
MT0001701648,Q1
MT0001703346,Q1
MT0001710592,Q2
MT0001732928,Q4
MT0001741017,Q1
MT0001742519,Q3
MT0001747053,Q3
MT0001760172,Q3
MT0001768550,Q4
MT0001801454,Q2
MT0001839466,Q3
MT0001841416,Q3
MT0001853221,Q3
MT0001868336,Q3
MT0001870847,Q4
MT0001877603,Q4
MT0001891229,Q2
MT0001898830,Q1
MT0001899447,Q3
MT0001899867,Q1
MT0001916989,Q2
MT0001927015,Q1
MT0001927746,Q2
MT0001927921,Q2
MT0001929641,Q3
MT0001934410,Q2
MT0001949173,Q4
MT0001952167,Q3
MT0001962373,Q2
MT0001963447,Q2
MT0001988811,Q3
MT0001993588,Q2
MT0002012491,Q2
MT0002024101,Q2
MT0002033217,Q3
MT0002053300,Q1
MT0002068648,Q1
MT0002070112,Q3
MT0002071907,Q3
MT0002086401,Q3
MT0002113056,Q1
MT0002119439,Q1
MT0002124238,Q4
MT0002131125,Q2
MT0002156561,Q1
MT0002161109,Q1
MT0002169629,Q2
MT0002203952,Q3
MT0002216668,Q4
MT0002218376,Q2
MT0002222957,Q1
MT0002242128,Q1
MT0002249354,Q4
MT0002250135,Q3
MT0002272314,Q2
MT0002291660,Q2
MT0002294387,Q1
MT0002307435,Q3
MT0002308313,Q4
MT0002308613,Q1
MT0002323154,Q1
MT0002325863,Q1
MT0002327429,Q4
MT0002336535,Q3
MT0002337555,Q2
MT0002343207,Q1
MT0002347246,Q1
MT0002379222,Q3
MT0002385077,Q2
MT0002396250,Q2
MT0002399275,Q2
MT0002460914,Q2
MT0002500878,Q2
MT0002515172,Q4
MT0002525905,Q1
MT0002536460,Q3
MT0002541988,Q4
MT0002548231,Q1
MT0002549047,Q3
MT0002549944,Q2
MT0002573253,Q3
MT0002580064,Q3
MT0002619035,Q4
MT0002628272,Q1
MT0002638821,Q4
MT0002653551,Q4
MT0002659854,Q4
MT0002698706,Q1
MT0002699966,Q1
MT0002701422,Q2
MT0002711792,Q2
MT0002716927,Q4
MT0002739845,Q2
MT0002771537,Q3
MT0002772535,Q2
MT0002784741,Q3
MT0002859848,Q4
MT0002874481,Q3
MT0002874900,Q2
MT0002875103,Q2
MT0002885173,Q1
MT0002889321,Q2
MT0002894033,Q1
MT0002894943,Q2
MT0002905185,Q3
MT0002907679,Q1
MT0002909109,Q1
MT0002928993,Q3
MT0002949712,Q2
MT0002954708,Q2
MT0002955901,Q2
MT0002965366,Q3
MT0002969144,Q4
MT0002973571,Q4
MT0002986568,Q3
MT0002999366,Q1
MT0003008724,Q2
MT0003012633,Q4
MT0003017303,Q4
MT0003019852,Q2
MT0003025883,Q4
MT0003081888,Q4
MT0003085195,Q2
MT0003085925,Q1
MT0003097486,Q2
MT0003105414,Q3
MT0003119681,Q4
MT0003136077,Q2
MT0003148189,Q4
MT0003150748,Q3
MT0003170370,Q1
MT0003179818,Q4
MT0003213617,Q4
MT0003216840,Q1
MT0003237550,Q2
MT0003246728,Q1
MT0003272751,Q1
MT0003274067,Q3
MT0003285450,Q1
MT0003294608,Q2
MT0003344002,Q3
MT0003345751,Q2
MT0003353602,Q2
MT0003353794,Q3
MT0003361206,Q1
MT0003362617,Q3
MT0003366948,Q4
MT0003382050,Q4
MT0003389088,Q4
MT0003410384,Q4
MT0003428477,Q4
MT0003435704,Q3
MT0003442366,Q2
MT0003444822,Q2
MT0003454112,Q4
MT0003473344,Q4
MT0003475707,Q4
MT0003496132,Q2
MT0003501456,Q1
MT0003517837,Q4
MT0003530174,Q3
MT0003539442,Q2
MT0003587042,Q2
MT0003597979,Q4
MT0003601752,Q3
MT0003603772,Q1
MT0003612742,Q2
MT0003629164,Q4
MT0003630870,Q2
MT0003659365,Q2
MT0003688494,Q4
MT0003703624,Q3
MT0003740052,Q4
MT0003753139,Q4
MT0003762220,Q4
MT0003782002,Q2
MT0003792475,Q3
MT0003795778,Q1
MT0003796752,Q1
MT0003799339,Q3
MT0003808089,Q3
MT0003837569,Q2
MT0003859252,Q2
MT0003861331,Q4
MT0003872021,Q3
MT0003880691,Q2
MT0003881997,Q2
MT0003895439,Q3
MT0003903675,Q1
MT0003906833,Q1
MT0003907045,Q3
MT0003917550,Q1
MT0003930610,Q3
MT0003934644,Q1
MT0003942985,Q3
MT0003949060,Q1
MT0003979876,Q2
MT0004001276,Q3
MT0004001989,Q1
MT0004012938,Q2
MT0004016308,Q1
MT0004025604,Q2
MT0004032071,Q1
MT0004033010,Q1
MT0004034604,Q1
MT0004036096,Q4
MT0004037272,Q1
MT0004071684,Q3
MT0004073991,Q2
MT0004085907,Q2
MT0004089549,Q4
MT0004093767,Q4
MT0004117319,Q3
MT0004122617,Q1
MT0004131260,Q3
MT0004137658,Q2
MT0004139859,Q3
MT0004194402,Q3
MT0004232099,Q3
MT0004240748,Q2
MT0004269670,Q3
MT0004296158,Q3
MT0004301925,Q1
MT0004306521,Q4
MT0004337195,Q1
MT0004339430,Q1
MT0004352726,Q4
MT0004362464,Q1
MT0004392421,Q1
MT0004395306,Q4
MT0004425744,Q1
MT0004428604,Q1
MT0004447086,Q2
MT0004447226,Q1
MT0004497478,Q2
MT0004500770,Q3
MT0004511265,Q2
MT0004540242,Q4
MT0004548595,Q1
MT0004550434,Q2
MT0004567504,Q4
MT0004584064,Q4
MT0004643275,Q4
MT0004668394,Q3
MT0004669603,Q1
MT0004680723,Q1
MT0004692889,Q4
MT0004693207,Q3
MT0004699901,Q4
MT0004715422,Q2
MT0004725405,Q1
MT0004731150,Q1
MT0004739956,Q2
MT0004751933,Q1
MT0004754115,Q4
MT0004759588,Q2
MT0004781165,Q3
MT0004812565,Q4
MT0004817670,Q3
MT0004829377,Q3
MT0004833310,Q4
MT0004850690,Q4
MT0004866559,Q2
MT0004867564,Q4
MT0004869271,Q3
MT0004872217,Q2
MT0004882280,Q2
MT0004883551,Q1
MT0004894364,Q2
MT0004911454,Q4
MT0004958762,Q2
MT0004978135,Q3
MT0004984433,Q4
MT0005009715,Q3
MT0005026798,Q2
MT0005028976,Q2
MT0005029328,Q2
MT0005039941,Q2
MT0005048376,Q4
MT0005054643,Q4
MT0005060138,Q4
MT0005066971,Q1
MT0005094727,Q3
MT0005111463,Q3
MT0005134466,Q3
MT0005151875,Q4
MT0005157391,Q3
MT0005157804,Q4
MT0005163122,Q1
MT0005171537,Q2
MT0005171805,Q3
MT0005202791,Q2
MT0005217073,Q3
MT0005243931,Q2
MT0005254421,Q3
MT0005270263,Q3
MT0005286165,Q2
MT0005336347,Q3
MT0005357887,Q3
MT0005379911,Q3
MT0005387539,Q2
MT0005389048,Q3
MT0005403018,Q4
MT0005411969,Q2
MT0005422349,Q4
MT0005425879,Q4
MT0005426130,Q1
MT0005479384,Q4
MT0005486154,Q3
MT0005511334,Q4
MT0005519111,Q4
MT0005523766,Q1
MT0005525446,Q4
MT0005537590,Q4
MT0005540023,Q2
MT0005540907,Q1
MT0005556630,Q4
MT0005568749,Q3
MT0005642770,Q2
MT0005651830,Q4
MT0005655655,Q3
MT0005660001,Q1
MT0005666606,Q1
MT0005670101,Q3
MT0005696421,Q3
MT0005715379,Q4
MT0005725657,Q2
MT0005727008,Q2
MT0005735527,Q4
MT0005737276,Q1
MT0005751512,Q2
MT0005760259,Q2
MT0005774267,Q2
MT0005804191,Q4
MT0005827477,Q2
MT0005832516,Q1
MT0005846374,Q1
MT0005941732,Q3
MT0005981667,Q3
MT0005987148,Q4
MT0006022752,Q3
MT0006055329,Q2
MT0006070661,Q3
MT0006090628,Q3
MT0006096934,Q1
MT0006114773,Q1
MT0006137372,Q3
MT0006153804,Q3
MT0006157839,Q2
MT0006234138,Q4
MT0006263439,Q3
MT0006292011,Q2
MT0006314897,Q1
MT0006334050,Q3
MT0006356406,Q2
MT0006386327,Q1
MT0006406298,Q1
MT0006417602,Q3
MT0006431807,Q1
MT0006475970,Q1
MT0006486093,Q1
MT0006487252,Q4
MT0006487635,Q2
MT0006510599,Q2
MT0006528309,Q1
MT0006531857,Q2
MT0006534417,Q3
MT0006545202,Q2
MT0006553914,Q2
MT0006555035,Q3
MT0006570517,Q2
MT0006573563,Q2
MT0006575669,Q4
MT0006587635,Q2
MT0006609765,Q4
MT0006610139,Q4
MT0006633147,Q1
MT0006640857,Q1
MT0006654122,Q3
MT0006659841,Q3
MT0006672286,Q3
MT0006678796,Q4
MT0006683265,Q2
MT0006696891,Q3
MT0006708402,Q3
MT0006737689,Q2
MT0006751087,Q2
MT0006754099,Q1
MT0006761058,Q4
MT0006761971,Q2
MT0006773580,Q2
MT0006794235,Q4
MT0006795758,Q2
MT0006832360,Q2
MT0006839715,Q4
MT0006843007,Q1
MT0006876450,Q3
MT0006879985,Q2
MT0006933170,Q2
MT0006991912,Q4
MT0006992235,Q1
MT0007039082,Q4
MT0007058512,Q2
MT0007072992,Q4
MT0007074655,Q2
MT0007081433,Q4
MT0007099407,Q3
MT0007102148,Q3
MT0007109938,Q2
MT0007119529,Q4
MT0007142175,Q4
MT0007153265,Q3
MT0007191313,Q4
MT0007207968,Q4
MT0007232134,Q4
MT0007257222,Q1
MT0007269020,Q2
MT0007274054,Q1
MT0007280044,Q3
MT0007328300,Q3
MT0007337206,Q2
MT0007338724,Q3
MT0007340697,Q2
MT0007350911,Q1
MT0007351601,Q3
MT0007356476,Q4
MT0007372035,Q3
MT0007376021,Q2
MT0007393408,Q2
MT0007401605,Q2
MT0007413949,Q2
MT0007423667,Q2
MT0007438571,Q3
MT0007442223,Q2
MT0007443823,Q1
MT0007451731,Q3
MT0007453133,Q1
MT0007453719,Q4
MT0007499577,Q3
MT0007530529,Q3
MT0007562704,Q2
MT0007573212,Q2
MT0007583962,Q3
MT0007594485,Q3
MT0007610380,Q3
MT0007627521,Q2
MT0007645808,Q2
MT0007652281,Q3
MT0007663424,Q2
MT0007696006,Q2
MT0007707015,Q3
MT0007724694,Q4
MT0007780572,Q2
MT0007799675,Q4
MT0007812490,Q2
MT0007818252,Q2
MT0007868583,Q1
MT0007871142,Q4
MT0007899221,Q4
MT0007914044,Q3
MT0007924549,Q2
MT0007934529,Q2
MT0007959122,Q2
MT0007961027,Q1
MT0007978643,Q1
MT0007991638,Q2
MT0007999856,Q2
MT0008018703,Q3
MT0008068959,Q3
MT0008077878,Q2
MT0008120072,Q3
MT0008130158,Q2
MT0008131425,Q1
MT0008140480,Q3
MT0008148524,Q1
MT0008149831,Q2
MT0008166411,Q3
MT0008170600,Q3
MT0008211502,Q1
MT0008222676,Q1
MT0008223344,Q3
MT0008237717,Q1
MT0008241874,Q3
MT0008296972,Q3
MT0008307905,Q2
MT0008308461,Q1
MT0008313843,Q1
MT0008328152,Q4
MT0008328714,Q3
MT0008330365,Q1
MT0008340316,Q1
MT0008371251,Q1
MT0008386252,Q2
MT0008394478,Q1
MT0008399774,Q3
MT0008421900,Q4
MT0008425062,Q2
MT0008425616,Q2
MT0008467210,Q4
MT0008468144,Q4
MT0008537015,Q1
MT0008565530,Q2
MT0008573252,Q2
MT0008575372,Q1
MT0008577171,Q4
MT0008592019,Q4
MT0008596505,Q4
MT0008602863,Q2
MT0008604277,Q3
MT0008617674,Q1
MT0008637830,Q1
MT0008640627,Q4
MT0008641724,Q2
MT0008649724,Q2
MT0008652185,Q2
MT0008665212,Q4
MT0008673460,Q1
MT0008684922,Q1
MT0008686594,Q4
MT0008709705,Q3
MT0008716237,Q3
MT0008718991,Q3
MT0008776764,Q2
MT0008787199,Q1
MT0008790106,Q4
MT0008790360,Q2
MT0008794071,Q4
MT0008807220,Q2
MT0008813307,Q3
MT0008819987,Q4
MT0008868862,Q3
MT0008947804,Q2
MT0008979040,Q3
MT0008999728,Q2
MT0009025845,Q3
MT0009054976,Q4
MT0009098212,Q1
MT0009112823,Q4
MT0009165729,Q2
MT0009172291,Q2
MT0009182700,Q3
MT0009202768,Q1
MT0009253379,Q1
MT0009295595,Q1
MT0009306792,Q1
MT0009320357,Q2
MT0009321428,Q3
MT0009351469,Q1
MT0009354859,Q4
MT0009375581,Q4
MT0009389504,Q3
MT0009400121,Q2
MT0009425259,Q2
MT0009430339,Q2
MT0009437817,Q3
MT0009485981,Q1
MT0009495285,Q3
MT0009558355,Q1
MT0009577134,Q2
MT0009581924,Q1
MT0009601423,Q2
MT0009619424,Q1
MT0009631750,Q2
MT0009693151,Q3
MT0009729892,Q1
MT0009741760,Q4
MT0009769816,Q4
MT0009826820,Q4
MT0009844833,Q1
MT0009845072,Q1
MT0009845270,Q1
MT0009845271,Q1
MT0009845275,Q1
MT0009845276,Q1
MT0009897495,Q1
MT0009996318,Q3
MT0009996319,Q3
MT0010007878,Q3
MT0010049476,Q4
MT0010054305,Q3
MT0010076476,Q4
MT0010100285,Q1
MT0010100333,Q1
MT0010161903,Q2
MT0010169019,Q1
MT0010257371,Q3
MT0010261584,Q4
MT0010369823,Q2
MT0010379209,Q4
MT0010415730,Q2
MT0010437635,Q3
MT0010444469,Q4
MT0010463505,Q2
MT0010482550,Q1
MT0010485559,Q2
MT0010487366,Q2
MT0010487795,Q1
MT0010489498,Q1
MT0010492983,Q1
MT0010498312,Q1
MT0010502743,Q4
MT0010510852,Q1
MT0010524453,Q1
MT0010552273,Q1
MT0010620026,Q2
MT0010638151,Q4
MT0010662602,Q4
MT0010665248,Q4
MT0010676114,Q1
MT0010681356,Q3
MT0010694754,Q1
MT0010695865,Q3
MT0010701054,Q4
MT0010706869,Q1
MT0010707508,Q4
MT0010712910,Q4
MT0010723658,Q3
MT0010724282,Q2
MT0010736281,Q2
MT0010741252,Q4
MT0010747096,Q3
MT0010753736,Q1
MT0010773040,Q4
MT0010778949,Q3
MT0010804974,Q3
MT0010815151,Q3
MT0010835061,Q1
MT0010849747,Q2
MT0010850805,Q3
MT0010851922,Q1
MT0010855417,Q1
MT0010857270,Q2
MT0010862394,Q3
MT0010864096,Q2
MT0010894865,Q2
MT0010900969,Q1
MT0010922381,Q2
MT0010953323,Q3
MT0010956907,Q4
MT0010967419,Q4
MT0011066228,Q3
MT0011069243,Q3
MT0011083648,Q2
MT0011104152,Q1
MT0011158114,Q3
MT0011250965,Q4
MT0011308097,Q3
MT0011327325,Q3
MT0011328325,Q2
MT0011369407,Q2
MT0011374342,Q4
MT0011391356,Q2
MT0011393132,Q2
MT0011411969,Q2
MT0011440705,Q3
MT0011448773,Q1
MT0011451296,Q1
MT0011465608,Q4
MT0011510700,Q1
MT0011560587,Q1
MT0011575852,Q2
MT0011581506,Q2
MT0011659985,Q4
MT0011667212,Q3
MT0011707340,Q2
MT0011709169,Q2
MT0011711263,Q2
MT0011712337,Q2
MT0011755407,Q4
MT0011767762,Q1
MT0011797446,Q1
MT0011809659,Q4
MT0011847514,Q1
MT0011870505,Q3
MT0011878109,Q1
MT0011886148,Q4
MT0011886864,Q3
MT0011895910,Q1
MT0011899302,Q3
MT0011908274,Q4
MT0011914836,Q1
MT0011916784,Q4
MT0011919136,Q1
MT0011922080,Q4
MT0011930865,Q1
MT0011937155,Q2
MT0011966998,Q4
MT0011969592,Q3
MT0011974870,Q3
MT0011991382,Q2
MT0011997914,Q1
MT0012001684,Q1
MT0012004661,Q3
MT0012004909,Q3
MT0012004929,Q1
MT0012013969,Q3
MT0012020062,Q3
MT0012025242,Q1
MT0012027536,Q4
MT0012061041,Q1
MT0012073768,Q3
MT0012091487,Q2
MT0012096485,Q1
MT0012112600,Q4
MT0012124855,Q2
MT0012159808,Q4
MT0012168286,Q2
MT0012222183,Q4
MT0012247942,Q3
MT0012259307,Q3
MT0012276467,Q3
MT0012312232,Q4
MT0012331779,Q1
MT0012333749,Q1
MT0012337307,Q3
MT0012383717,Q4
MT0012408058,Q1
MT0012416069,Q3
MT0012417408,Q3
MT0012454159,Q4
MT0012454284,Q3
MT0012455611,Q1
MT0012481933,Q1
MT0012505137,Q4
MT0012521149,Q1
MT0012532120,Q3
MT0012534566,Q1
MT0012591057,Q3
MT0012601428,Q1
MT0012615075,Q3
MT0012619690,Q1
MT0012648496,Q2
MT0012666474,Q3
MT0012678840,Q1
MT0012682565,Q1
MT0012698055,Q4
MT0012700338,Q2
MT0012740185,Q4
MT0012745818,Q4
MT0012777233,Q1
MT0012794033,Q4
MT0012798988,Q1
MT0012846850,Q1
MT0012865192,Q2
MT0012900592,Q2
MT0012909507,Q2
MT0012933678,Q1
MT0012941049,Q4
MT0013056830,Q4
MT0013058008,Q2
MT0013064857,Q1
MT0013070871,Q3
MT0013075504,Q1
MT0013078262,Q4
MT0013080259,Q3
MT0013115311,Q4
MT0013151367,Q2
MT0013198028,Q3
MT0013216725,Q2
MT0013228223,Q4
MT0013305470,Q4
MT0013349760,Q3
MT0013366460,Q1
MT0013386240,Q1
MT0013416300,Q3
MT0013429054,Q3
MT0013464231,Q1
MT0013504689,Q3
MT0013577074,Q4
MT0013583287,Q1
MT0013590244,Q1
MT0013610517,Q2
MT0013633209,Q1
MT0013637631,Q1
MT0013652136,Q1
MT0013667097,Q1
MT0013693326,Q4
MT0013726148,Q3
MT0013743441,Q2
MT0013746403,Q3
MT0013758625,Q1
MT0013764945,Q3
MT0013809129,Q3
MT0013809208,Q1
MT0013833732,Q4
MT0013868618,Q3
MT0013881862,Q2
MT0013885218,Q2
MT0013901316,Q4
MT0013914319,Q1
MT0013979875,Q2
MT0013999544,Q1
MT0014005525,Q1
MT0014046859,Q3
MT0014050974,Q3
MT0014134790,Q4
MT0014157389,Q2
MT0014204470,Q3
MT0014215479,Q4
MT0014443758,Q1
MT0014444602,Q1
MT0014475915,Q4
MT0014597919,Q4
MT0014615863,Q2
MT0014619583,Q1
MT0014665693,Q3
MT0014724547,Q4
MT0014752461,Q4
MT0014756127,Q2
MT0014794891,Q3
MT0014833239,Q1
MT0014838459,Q2
MT0014874934,Q1
MT0014953592,Q2
MT0014961114,Q3
MT0014964772,Q2
MT0014979000,Q3
MT0014992158,Q4
MT0015004867,Q2
MT0015007103,Q3
MT0015020231,Q1
MT0015026273,Q2
MT0015139461,Q3
MT0015396140,Q4
MT0015506741,Q4
MT0015510419,Q3
MT0015514030,Q3
MT0015541501,Q2
MT0015546206,Q1
MT0015604179,Q3
MT0015632625,Q4
MT0015653546,Q4
MT0015664499,Q3
MT0015682649,Q3
MT0015689411,Q3
MT0015689749,Q3
MT0015694210,Q3
MT0015713000,Q3
MT0015760726,Q4
MT0015849191,Q4
MT0015908129,Q4
MT0015918974,Q3
MT0015934550,Q1
MT0015940634,Q2
MT0015950558,Q2
MT0015962332,Q2
MT0016743722,Q2
MT0016913402,Q3
MT0016933152,Q3
MT0016956738,Q2
MT0016976154,Q3
MT0016981570,Q3
MT0017031590,Q1
MT0017475710,Q2
MT0017657810,Q1
MT0017672677,Q4
MT0017683327,Q1
MT0017954224,Q4
MT0017957157,Q1
MT0018044514,Q3
MT0018288135,Q2
MT0018453545,Q3
MT0018669856,Q2
MT0018886935,Q3
MT0019352491,Q4
MT0019446620,Q4
MT0019511872,Q4
MT0020034314,Q2
MT0026228956,Q4
MT0026236933,Q3
MT0026405027,Q3
MT0026690204,Q3
MT0026697228,Q3
MT0026712161,Q4
MT0026772613,Q2
MT0026827978,Q4
MT0026903849,Q2
MT0026933516,Q1
MT0026950915,Q1
MT0026963572,Q2
MT0026973618,Q4
MT0026987140,Q2
MT0027023212,Q4
MT0027032503,Q2
MT0027048677,Q1
MT0027053023,Q1
MT0027064560,Q4
MT0027075208,Q2
MT0027100467,Q4
MT0027100747,Q4
MT0027112893,Q1
MT0027320606,Q1
MT0027345606,Q2
MT0027834332,Q2
MT0027835071,Q4
MT0027859587,Q4
MT0028066739,Q4
MT0028200740,Q1
MT0028220133,Q1
MT0028228337,Q4
MT0028338292,Q3
MT0028345470,Q2
MT0028403561,Q4
MT0028414490,Q4
MT0028445777,Q1
MT0028452849,Q1
MT0028485956,Q1
MT0028550964,Q4
MT0028602128,Q1
MT0028602140,Q1
MT0028615001,Q1
MT0028633715,Q2
MT0028655327,Q4
MT0028691865,Q3
MT0028750297,Q2
MT0028752173,Q4
MT0028754256,Q2
MT0028793036,Q2
MT0028803170,Q3
MT0028813190,Q2
MT0028877759,Q4
MT0028878677,Q4
MT0028888763,Q3
MT0028929933,Q3
MT0028942506,Q4
MT0028947009,Q3
MT0029045449,Q3
MT0029063409,Q4
MT0029080694,Q4
MT0029091265,Q4
MT0029165558,Q1
MT0029574551,Q4
MT0029767615,Q1
MT0029852139,Q1
MT0029861029,Q3
MT0029861679,Q4
MT0029877658,Q3
MT0029976595,Q4
MT0030074137,Q3
MT0030075668,Q1
MT0030097602,Q4
MT0030153479,Q3
MT0030155408,Q3
MT0030203700,Q3
MT0030212531,Q4
MT0030233759,Q2
MT0030247926,Q3
MT0030252676,Q3
MT0030282816,Q4
MT0030297713,Q1
MT0030304982,Q3
MT0030321464,Q3
MT0030362174,Q4
MT0030400613,Q3
MT0030435905,Q2
MT0030481897,Q4
MT0030489320,Q2
MT0031036016,Q3
MT0031365452,Q1
MT0031375281,Q4
MT0031462756,Q1
MT0031495046,Q4
MT0031544440,Q1
MT0031574394,Q1
MT0031615488,Q4
MT0031626819,Q4
MT0031661393,Q2
MT0031716439,Q1
MT0031733848,Q4
MT0031807708,Q4
MT0031826295,Q4
MT0031827474,Q4
MT0031834881,Q1
MT0031841471,Q3
MT0031855026,Q3
MT0031861483,Q2
MT0031868141,Q1
MT0031875986,Q2
MT0031892359,Q4
MT0031893087,Q4
MT0031898123,Q4
MT0031901408,Q1
MT0031914705,Q1
MT0031917087,Q1
MT0031917220,Q4
MT0031919267,Q1
MT0031919561,Q2
MT0031924755,Q2
MT0031925901,Q2
MT0031951901,Q3
MT0031964947,Q2
MT0032039381,Q1
MT0032060949,Q4
MT0032061241,Q1
MT0032093528,Q4
MT0032628164,Q4
MT0032651589,Q2
MT0032673223,Q1
MT0032698237,Q4
MT0032701682,Q1
MT0032757175,Q3
MT0032760813,Q4
MT0032768122,Q1
MT0033126079,Q3
MT0033159895,Q3
MT0033218453,Q4
MT0033252621,Q2
MT0033258989,Q4
MT0033287114,Q2
MT0033293296,Q1
MT0033376569,Q4
MT0033381821,Q1
MT0033388898,Q1
MT0033397838,Q1
MT0033399262,Q4
MT0033415296,Q1
MT0033442719,Q3
MT0033443279,Q1
MT0033717316,Q1
MT0033940994,Q1
MT0033993440,Q4
MT0034064577,Q1
MT0034085485,Q4
MT0034106363,Q4
MT0034197846,Q3
MT0034203861,Q4
MT0034230990,Q4
MT0034403159,Q2
MT0034403951,Q2
MT0034422157,Q4
MT0034426806,Q2
MT0034518366,Q3
MT0034552648,Q1
MT0034560618,Q3
MT0034563474,Q1
MT0034577222,Q4
MT0034670435,Q2
MT0034677542,Q1
MT0034731020,Q4
MT0034852831,Q1
MT0034893754,Q1
MT0034992752,Q1
MT0034996484,Q2
MT0035014333,Q1
MT0035108409,Q4
MT0035133312,Q1
MT0035332435,Q1
MT0035518031,Q4
MT0035833639,Q3
MT0036111751,Q2
MT0036111757,Q2
MT0036217440,Q1
MT0040033011,Q3
MT0041030749,Q4
